sample	seqs	s	h:m:s	max_rss	max_vms	max_uss	max_pss	io_in	io_out	mean_load
10317.000001062	981617	200.3494	0:03:20	3450.6	4971.94	3431.92	3436.66	0	1248.96	145.12
10317.000001079	1080117	219.5485	0:03:39	3450.71	4975.9	3432.11	3436.83	0	1308.75	187.75
10317.000001086	301797	66.3551	0:01:06	3449.45	4966.91	3412.78	3426.54	0	209.85	79.11
10317.000001089	746019	159.4735	0:02:39	3457.93	4976.94	3418.17	3433.29	0	887.52	177.41
10317.000001127	1028104	210.8806	0:03:30	3467.57	4987.91	3448.89	3453.8	0	1282.62	185.06
10317.000001182	1091782	223.784	0:03:43	3466.1	4978.62	3447.6	3452.45	11.36	1327.8	184.24
10317.000001184	662390	135.9627	0:02:15	3452.8	4974.96	3434.16	3439.26	0	747.45	115.91
10317.000001192	45	4.3497	0:00:04	120.13	1222.48	116.76	117.16	0	0.02	0
10317.000001208	588650	127.0265	0:02:07	3459.64	4980.93	3419.78	3434.85	0	687.5	133.25
10317.000001225	919605	185.0627	0:03:05	3472.5	4975.86	3436.41	3449.98	0	1127.26	155.45
10317.000001230	3321532	704.8538	0:11:44	3454.99	4975.89	3414.97	3430.04	1599.48	4941.18	270.87
10317.000001278	1599534	316.656	0:05:16	3451.3	4972.89	3415.08	3428.47	0	1904.48	174.75
10317.000001291	47438	14.6044	0:00:14	3463.22	4983.84	3444.66	3449.52	0	61.33	220.12
10317.000001301	3667	5.7992	0:00:05	3416.7	4952.66	3398.57	3403.43	0	4.51	39.52
10317.000001321	1348912	276.155	0:04:36	3450.61	4976.88	3427.7	3432.53	0	1686.54	186.56
10317.000001327	1309080	265.7221	0:04:25	3455.07	4974.93	3436.41	3441.14	0	1674.2	183.6
10317.000001379	1153992	248.4061	0:04:08	3483.93	4996.71	3464.21	3469.06	0	1424.07	162.02
10317.000001386	1311416	282.2428	0:04:42	3479.97	4986.65	3443.77	3457.16	0	1620.7	185.64
10317.000001477	1638739	324.7339	0:05:24	3455.89	4984.75	3437.05	3441.79	0	2091.99	221.16
10317.000001513	2436645	486.199	0:08:06	3454.27	4986.92	3435.55	3440.45	11.36	2946.39	242.49
10317.000001533	1335119	281.0461	0:04:41	3469.09	4976.92	3429.24	3444.3	0	1630.88	185.77
10317.000001541	1331240	293.7365	0:04:53	3462.08	4978.91	3443.45	3448.53	3207.07	1714.15	149.9
10317.000001551	465	4.8712	0:00:04	2797.36	4648.38	2787.44	2792.28	0	0.03	23.54
10317.000001618	573293	120.9804	0:02:00	3446.08	4975.91	3409.29	3423.06	0	691.61	140.73
10317.000001748	608711	132.303	0:02:12	3460.69	4976.91	3436.65	3441.5	0	696.32	125.44
10317.000001778	325449	67.177	0:01:07	3437.96	4971.95	3419.43	3424.52	0	201.05	71.32
10317.000001792	1254897	253.5624	0:04:13	3459.57	4983.76	3440.92	3445.65	0	1500.11	162.67
10317.000001805	1095087	224.034	0:03:44	3465.86	4984.84	3447.3	3452.04	0	1288.88	185
10317.000001820	734141	154.0775	0:02:34	3470.36	4984.9	3451.82	3456.55	0	888.86	189.19
10317.000001862	1104714	224.4551	0:03:44	3457.74	4978.89	3439.14	3443.86	0	1294.34	184.3
10317.000001887	1180273	239.4811	0:03:59	3453.15	4976.93	3434.5	3439.23	0	1475.17	172.06
10317.000001895	904016	188.8462	0:03:08	3457.04	4976.92	3438.39	3443.12	0	1092.65	155.44
10317.000001965	1039335	214.2007	0:03:34	3471.17	4988.66	3452.55	3457.27	0	1285.34	192.71
10317.000002033	702472	169.0304	0:02:49	3480.79	4994.77	3462.11	3466.85	0	997.64	174.52
10317.000002063	885875	180.0756	0:03:00	3441.22	4971.7	3405.16	3418.56	0	1098.58	160.72
10317.000002099	104899	26.5392	0:00:26	3443.97	4975.9	3425.29	3430.03	0	22.5	176.56
10317.000002100	981038	202.1664	0:03:22	3472.54	4986.84	3454	3458.72	0	1241.58	144.47
10317.000002159	1170923	241.9877	0:04:01	3467.82	4984.9	3431.72	3445.13	0	1453.7	167.61
10317.000002173	1290735	259.7634	0:04:19	3449.44	4971.79	3428.82	3433.67	0.01	1645.35	200.58
10317.000002184	740135	152.3715	0:02:32	3447.83	4972.94	3429.13	3433.88	0	908.71	192.77
10317.000002198	1406554	283.2001	0:04:43	3451.18	4972.89	3432.35	3437.09	0	1693.96	187.97
10317.000002222	1283261	271.9479	0:04:31	3477.08	4988.88	3452.96	3459.38	0	1614.19	190.98
10317.000002319	899338	191.6913	0:03:11	3471.71	4984.83	3453.22	3457.94	147.33	1088.59	150.55
10317.000002326	1166513	238.013	0:03:58	3447.12	4972.88	3428.45	3433.16	0	1485.57	173.17
10317.000002331	922883	185.4417	0:03:05	3462.34	4984.93	3443.8	3448.9	0	1124.98	147.91
10317.000002414	1185419	265.4499	0:04:25	3452.1	4976.91	3415.12	3429.08	0	1536.46	186.18
10317.000002419	5978	6.0805	0:00:06	3422.61	4963.94	3404.68	3409.52	0	6.66	45.94
10317.000002443	1121365	236.3771	0:03:56	3452.54	4978.79	3433.88	3438.62	0	1450.38	173.36
10317.000002449	1236032	251.7046	0:04:11	3455.27	4976.79	3436.63	3441.37	0.01	1504.95	163.62
10317.000002450	723856	157.4308	0:02:37	3456.24	4976.9	3416.54	3431.6	0	865.6	183.16
10317.000002465	593272	139.3859	0:02:19	3449.89	4982.78	3413.77	3427.24	0	803.2	177.89
10317.000002467	697939	144.3436	0:02:24	3452.39	4974.94	3433.72	3438.46	0	886.43	119.84
10317.000002468	1266593	254.4908	0:04:14	3475.8	4972.92	3457.13	3462.03	147.38	1539.32	157.11
10317.000002503	1662561	335.4623	0:05:35	3454.64	4972.9	3418.42	3431.83	0	2050.62	211.54
10317.000002607	523372	113.5763	0:01:53	3445.73	4967.91	3419.94	3424.78	0	670.75	150.27
10317.000002632	5603	5.9435	0:00:05	3420	4956.89	3401.91	3406.76	0	6.5	44.91
10317.000002665	1252805	255.4567	0:04:15	3453.76	4976.75	3435.09	3439.83	0	1524.51	160.62
10317.000002703	874498	178.7093	0:02:58	3450.36	4980.77	3431.71	3436.45	0.01	1093.88	163.34
10317.000002712	1086936	250.7731	0:04:10	3490.66	4991.91	3472.01	3476.74	0	1329.95	213.67
10317.000002752	1648492	349.0194	0:05:49	3464.46	4982.89	3424.39	3439.5	0	2532.22	208.83
10317.000002783	994452	203.1373	0:03:23	3464.88	4987.8	3428.85	3442.18	0	1281.58	140.65
10317.000002793	1027322	215.08	0:03:35	3451.62	4982.79	3417.12	3426.9	0	1276.38	188.23
10317.000002860	1018544	209.5157	0:03:29	3455.72	4981.94	3437.2	3441.94	0	1283.2	197.62
10317.000002865	1256379	262.8558	0:04:22	3451.12	4971.96	3429.76	3434.84	0	1634.1	226.45
10317.000002869	656227	139.3721	0:02:19	3447.82	4970.9	3411.91	3425.3	0	847.32	122.62
10317.000002921	682873	140.2728	0:02:20	3434.06	4971.93	3415.5	3420.25	0.01	880.8	123.25
10317.000002922	570353	126.2036	0:02:06	3460.39	4988.79	3441.7	3446.44	0	675.34	138.62
10317.000003001	2125660	421.3034	0:07:01	3553.76	4988.93	3535.07	3539.79	0	2694.78	258.86
10317.000003137	1789745	354.0823	0:05:54	3443.95	4962.93	3425.2	3429.95	0	2309.7	244.4
10317.000003168	955035	196.1291	0:03:16	3451.77	4972.8	3433.2	3437.94	0	1135.27	150.41
10317.000003172	817866	169.9834	0:02:49	3475.56	4968.91	3447.4	3452.49	0	1049.99	167.27
10317.000003173	1561715	323.231	0:05:23	3450.03	4982.92	3410.18	3425.24	0	2014.8	221.79
10317.000003175	1047793	215.897	0:03:35	3455.39	4972.89	3436.89	3441.62	0	1267.05	191.86
10317.000003215	1237196	248.6464	0:04:08	3459.79	4984.79	3423.71	3437.11	0	1515.61	163.15
10317.000003266	805576	174.7991	0:02:54	3454.84	4984.75	3435.39	3440.25	0	1041.49	163.16
10317.000003277	1048242	220.6561	0:03:40	3455.59	4972.95	3437.04	3441.93	0	1282.93	179.07
10317.000003280	1166711	236.6907	0:03:56	3450.51	4968.89	3431.93	3436.67	0	1471.87	174.01
10317.000003317	1211183	245.8795	0:04:05	3476.15	4984.91	3457.55	3462.47	0	1503.1	164.03
10317.000003365	236	4.7309	0:00:04	117.78	1221.88	114.38	114.77	0	0.02	0
10317.000003386	1344690	275.2049	0:04:35	3470.47	4980.93	3451.81	3456.54	0	1677.33	193.23
10317.000003424	1282282	271.2069	0:04:31	3487.44	4999.79	3468.62	3473.36	0	1612.83	196.78
10317.000003425	1085555	224.7713	0:03:44	3446.31	4971.93	3410.26	3421.58	0	1303.31	181.12
10317.000003531	1037902	217.2595	0:03:37	3461.86	4976.91	3443.33	3448.24	0	1278.88	180.76
10317.000003559	1764761	373.0637	0:06:13	3469.81	4991.62	3451.1	3455.96	3207.04	2188.07	213.14
10317.000003580	1107995	234.9877	0:03:54	3464.96	4988.72	3428.89	3442.39	0	1413.93	165.87
10317.000003714	509687	107.665	0:01:47	3458.54	4976.83	3422.47	3435.86	0	456.14	158.06
10317.000003715	1197835	240.6378	0:04:00	3448.26	4970.9	3429.73	3434.46	0	1501.89	171.07
10317.000003716	740509	151.9678	0:02:31	3451.5	4966.93	3415.39	3428.8	0	911.34	111.97
10317.000003800	492120	106.0059	0:01:46	3456.11	4972.88	3416.22	3431.26	0	457.43	158.95
10317.000003817	1288042	260.0596	0:04:20	3446.3	4968.88	3427.66	3432.39	0	1798.69	189.1
10317.000003830	1280258	262.6831	0:04:22	3449.16	4978.89	3412.38	3426.16	0	1648.34	230.8
10317.000003952	1288138	259.785	0:04:19	3445.35	4963.91	3426.77	3431.51	0	1809.36	189.35
10317.000003981	84283	22.5523	0:00:22	3445.05	4971.91	3426.41	3431.14	0	71.14	188.09
10317.000003982	2359310	460.0054	0:07:40	3474.12	4985.64	3455.27	3460.07	0	2942.68	268.15
10317.000004025	3795358	751.9089	0:12:31	3469.83	4994.95	3449.24	3458.19	3204.84	5332.31	276.67
10317.000004026	1351375	286.6863	0:04:46	3472.83	4984.81	3432.84	3447.91	0.01	1606.46	183.58
10317.000004077	543950	121.1647	0:02:01	3468.18	4984.83	3449.69	3454.52	0	666.43	138.45
10317.000004142	197	4.5625	0:00:04	3261.19	4630.88	3261.82	3266.59	0	0.36	37.42
10317.000004192	2129811	425.0533	0:07:05	3470.59	4992.91	3434.45	3447.85	0	2594.04	255.73
10317.000004220	1062306	223.8916	0:03:43	3460.16	4972.93	3421.29	3435.42	0	1277.5	176.5
10317.000004225	669164	141.9982	0:02:21	3459.5	4976.89	3440.89	3445.61	0	860.65	120.41
10317.000004226	853537	170.8828	0:02:50	3473.93	4983.8	3455.26	3460.36	0	1091.08	161.36
10317.000004596	1084483	216.9438	0:03:36	3450.53	4972.91	3414.46	3427.86	0	1334.45	186.85
10317.000004618	2665793	508.5858	0:08:28	3455.61	4972.5	3436.84	3441.68	11.36	3428.82	273.82
10317.000004650	600131	125.9693	0:02:05	3449.8	4968.83	3431.14	3435.88	0	709.35	137.63
10317.000004657	202	4.7055	0:00:04	117.92	1221.85	114.54	114.94	0	0.09	0
10317.000004692	933623	193.1792	0:03:13	3448.77	4970.8	3430.17	3434.89	147.33	1105.95	148.69
10317.000004734	454633	94.1748	0:01:34	3444.21	4972.89	3425.57	3430.65	0	514.54	163.15
10317.000004765	954921	200.5492	0:03:20	3475.98	4984.89	3457.37	3462.12	0	1238.51	146.86
10317.000004775	756179	156.7589	0:02:36	3448.98	4968.83	3430.41	3435.14	0	889.8	186.41
10317.000004786	1096785	224.264	0:03:44	3469.06	4984.93	3449.11	3453.95	0	1320.73	179.9
10317.000004787	895513	178.0718	0:02:58	3455.93	4976.95	3437.26	3442.36	0	1130.45	155.38
10317.000004792	1490619	300.661	0:05:00	3450.58	4971.92	3431.9	3436.63	0	1890.27	216.98
10317.000004793	1220988	251.0079	0:04:11	3457.28	4980.8	3420.46	3434.23	0	1478.44	161.92
10317.000004806	782401	164.8328	0:02:44	3474.09	4976.94	3434.38	3449.57	0	903.12	173.82
10317.000004878	777714	161.2226	0:02:41	3459.12	4982.9	3440.59	3445.32	0	920.87	182.83
10317.000004881	770409	159.086	0:02:39	3447.23	4971.84	3411.18	3424.6	0	919.71	178.59
10317.000004922	1453206	290.2371	0:04:50	3449.23	4972.9	3430.47	3435.19	0	2018.11	182.35
10317.000004923	386915	81.804	0:01:21	3465.76	4976.95	3447.12	3452.22	0	481.11	51.9
10317.000005038	785	4.9654	0:00:04	2695.53	4648.27	2682.39	2687.24	0	0.03	23.03
10317.000005068	10571	7.0888	0:00:07	3436.5	4966.78	3418.2	3423.06	0	13.03	70.9
10317.000005423	954297	196.0188	0:03:16	3453.3	4976.91	3434.76	3439.49	0	1117.64	147.85
10317.000005648	1211037	244.816	0:04:04	3467.05	4988.79	3448.43	3453.51	0	1553.83	162.34
10317.000005732	1357970	283.9147	0:04:43	3462.8	4992.79	3425.84	3439.62	0	1647.39	184.03
10317.000005782	1140865	235.2725	0:03:55	3452.93	4976.91	3434.22	3439.13	0	1462.24	166.07
10317.000005799	827550	174.1727	0:02:54	3464.12	4986.89	3428.19	3441.59	0	1054.3	164.88
10317.000005804	16618	8.2174	0:00:08	3437.6	4969.92	3419.1	3423.95	0	21.02	90.23
10317.000005814	877308	181.8731	0:03:01	3455.88	4975.89	3437.25	3441.97	0	1087.91	160.78
10317.000005846	410776	90.1658	0:01:30	3450.45	4976.76	3431.75	3436.49	0	491.54	193.5
10317.000005907	1189383	245.8489	0:04:05	3448.04	4978.75	3411.95	3425.34	0	1462.25	164.75
10317.000005918	1281879	261.9533	0:04:21	3448.18	4976.89	3429.61	3434.35	0	1655.91	233.61
10317.000005930	897087	172.425	0:02:52	3468.71	4978.96	3450.24	3455.31	0	1149.38	165.1
10317.000005936	1369228	277.4555	0:04:37	3454.95	4980.93	3436.2	3440.95	0	1709.36	192.08
10317.000005937	765640	157.9352	0:02:37	3456.55	4984.83	3437.88	3442.73	0	909.11	181.52
10317.000005954	709625	141.8253	0:02:21	3467.28	4978.88	3448.77	3453.49	0.01	869.55	122.85
10317.000005970	1194345	249.7406	0:04:09	3451.15	4976.88	3417.44	3426.39	0	1483.24	163.72
10317.000005989	31646	11.9547	0:00:11	3451.14	4967.8	3412.5	3426.84	0	40.93	145.6
10317.000005990	697148	141.6887	0:02:21	3446.95	4976.95	3428.45	3433.56	0	900.62	111.71
10317.000006620	1309735	271.4905	0:04:31	3454.54	4979.69	3435.68	3440.43	0	1652.94	194.93
10317.000006659	747288	158.5009	0:02:38	3463.39	4984.8	3444.76	3449.49	0	897.49	184.11
10317.000006726	29144	11.1489	0:00:11	3436	4964.68	3417.35	3422.2	0	38.07	145.86
10317.000006894	803	4.9393	0:00:04	3006.21	4648.24	3001.04	3005.88	0	0.03	34.49
10317.000006930	2127248	441.1561	0:07:21	3454.1	4970.96	3417.06	3430.94	0	2891.71	243.28
10317.000006941	892250	174.9758	0:02:54	3454.92	4973.8	3436.3	3441.4	0	1126.13	158.48
10317.000006942	1178720	245.9617	0:04:05	3456.33	4976.93	3416.51	3431.58	0	1463.74	164.28
10317.000006943	1062716	221.5014	0:03:41	3455.71	4978.8	3415.86	3430.93	0	1286.93	183.2
10317.000006944	58472	40.0327	0:00:40	3482.04	4987.62	3463.39	3468.17	21.75	5.48	137.36
10317.000006949	1147868	236.6302	0:03:56	3451.45	4968.88	3414.56	3428.36	0	1470.73	172.16
10317.000006970	1057986	256.0988	0:04:16	3490.91	4999.8	3454.14	3467.91	0	1274.36	205.34
10317.000006976	994792	211.4203	0:03:31	3469.09	4992.81	3429.33	3444.4	0	1255.9	137.02
10317.000007068	714244	147.9643	0:02:27	3458.27	4983.79	3422.17	3435.57	0	890.61	114.47
10317.000007663	1235272	253.4846	0:04:13	3451.46	4979.77	3415.35	3428.76	0	1514.85	157.61
10317.000007666	3725	5.6813	0:00:05	3430	4960.73	3411.71	3416.55	0	0.86	60.27
10317.000008952	14714	7.8369	0:00:07	3449.23	4968.69	3430.59	3435.44	0	18.15	78.3
10317.000008957	1121876	233.3987	0:03:53	3466.62	4996.82	3447.98	3452.71	0	1445.94	177.23
10317.000008963	740204	157.2126	0:02:37	3456.85	4976.92	3438.19	3442.92	0	898.97	185.52
10317.000008964	554516	119.4937	0:01:59	3457.09	4976.93	3438.48	3443.2	0	679.32	144.48
10317.000009020	868535	180.3981	0:03:00	3452.66	4978.9	3434.08	3438.82	0	1062.65	163.01
10317.000009061	947304	194.4317	0:03:14	3449.92	4976.65	3431.26	3436	0	1123.05	150.19
10317.000009085	832983	173.1405	0:02:53	3472.21	5000.8	3453.54	3458.27	0	1082.25	168.09
10317.000009102	773369	164.0773	0:02:44	3462.02	4984.79	3443.38	3448.11	0	903.17	177.23
10317.000009118	39883	13.1777	0:00:13	3442.05	4972.93	3423.49	3428.57	0	51.74	173.24
10317.000009138	1216549	250.6041	0:04:10	3481.23	4988.88	3462.68	3467.42	0	1474.04	164.76
10317.000009142	1558428	318.8658	0:05:18	3454.24	4979.8	3435.46	3440.18	0	2352.88	188.67
10317.000009149	795	4.9978	0:00:04	2724.12	4648.36	2712.96	2717.78	0	0.03	22.48
10317.000009157	976371	204.3858	0:03:24	3452.29	4972.89	3433.63	3438.37	0	1261.3	201.95
10317.000009158	1199940	248.123	0:04:08	3455.89	4980.8	3437.22	3441.96	0.01	1470.93	166.1
10317.000009353	1648908	341.7642	0:05:41	3454.84	4972.9	3417.86	3431.63	0	2052.46	223.05
10317.000009402	694278	151.6512	0:02:31	3453.03	4975.9	3413.34	3428.4	0	850.88	190.69
10317.000009444	82	5.0929	0:00:05	129.7	1232.3	126.02	126.48	0	0.08	6.84
10317.000009457	838314	172.6088	0:02:52	3458.27	4974.8	3439.61	3444.35	0.01	1073.89	169.99
10317.000009496	753260	159.9879	0:02:39	3450	4978.88	3431.44	3436.19	0	896.73	183.88
10317.000009530	1044260	226.8046	0:03:46	3483.19	5008.91	3443.43	3458.53	0	1243.71	170.13
10317.000009562	1331795	274.534	0:04:34	3453.71	4981.88	3434.99	3439.72	0	1668.97	193.68
10317.000009655	819805	174.2117	0:02:54	3449.89	4972.89	3410.01	3425.09	0	1043.95	165.27
10317.000009677	1511686	313.3236	0:05:13	3455.3	4980.78	3436.49	3441.22	0	1885.77	195.44
10317.000010125	709097	159.6197	0:02:39	3450.95	4979.95	3414.2	3428.04	0	887.3	163.87
10317.000010173	1417122	315.7057	0:05:15	3466.73	4988.68	3429.75	3443.68	0	1739.12	192.7
10317.000010232	959144	197.987	0:03:17	3462.3	4985.81	3443.66	3448.4	0	1495.73	147.01
10317.000010546	1192330	245.0976	0:04:05	3466.68	4981.84	3448.03	3452.76	0	1484.58	168.51
10317.000010710	477229	100.4192	0:01:40	3460.39	4980.78	3441.79	3446.89	0	523.36	159.6
10317.000010712	2122931	429.4266	0:07:09	3467.82	4980.9	3449.05	3453.78	0	2610.95	229
10317.000010715	790077	166.3078	0:02:46	3461.93	4974.88	3425.82	3439.24	0	916.53	171.59
10317.000010765	23945	20.7426	0:00:20	3483.98	4988.93	3465.38	3470.22	0	5.25	259.69
10317.000010953	1551733	317.4882	0:05:17	3453.32	4985.91	3434.53	3439.26	0	1898.19	190.42
10317.000011035	701521	151.5667	0:02:31	3464.07	4976.9	3445.39	3450.25	0	863.28	189.76
10317.000011111	508893	110.0089	0:01:50	3457.89	4976.94	3439.25	3443.98	147.33	656.52	152.62
10317.000011163	1107398	234.8027	0:03:54	3461.77	4988.77	3424.95	3438.72	0	1405.43	172.86
10317.000011221	771937	162.2748	0:02:42	3469.92	4986.9	3451.39	3456.13	0	898.45	181.44
10317.000011223	1435445	319.6399	0:05:19	3476.92	4990.94	3439.91	3453.73	0	2070.3	190.74
10317.000011225	234667	57.8426	0:00:57	3448.95	4971.83	3430.41	3435.31	0	265	66.32
10317.000011290	630999	132.5019	0:02:12	3439.13	4968.77	3420.48	3425.21	0	724.63	130.99
10317.000011337	2478006	488.3549	0:08:08	3472.38	4988.82	3453.54	3458.28	3207.04	3015.61	255.04
10317.000011935	266999	59.2029	0:00:59	3444.9	4971.91	3426.38	3431.11	0	297.53	88.61
10317.000012136	1148147	244.1675	0:04:04	3461.38	4980.82	3442.7	3447.6	0	1431.54	158.63
10317.000012229	1018063	217.8848	0:03:37	3456.41	4972.94	3416.55	3431.62	0	1247.34	185.97
10317.000012230	10577	7.2502	0:00:07	3451.15	4972.91	3433.35	3438.18	0	12.51	77.39
10317.000012262	446117	92.9093	0:01:32	3452.21	4971.94	3434.02	3438.74	0	500.98	186.5
10317.000012303	574284	119.4117	0:01:59	3466.3	4981.68	3447.64	3452.74	0	699.42	133.51
10317.000012418	840014	180.0256	0:03:00	3456.56	4980.92	3435.5	3440.35	0	1060.38	157.81
10317.000012918	24328	10.109	0:00:10	3440.77	4963.78	3422.11	3426.85	0	30.71	124.29
10317.000013009	1103851	228.9623	0:03:48	3449.5	4976.8	3413.5	3426.91	0	1636.2	176.71
10317.000013114	494761	136.152	0:02:16	3489.34	5000.81	3453.23	3466.68	0	444.06	195.09
10317.000013130	1265247	272.0946	0:04:32	3475.29	4982.93	3456.62	3461.52	147.38	1600.43	185.29
10317.000013131	571821	122.8501	0:02:02	3451.39	4977.79	3411.5	3426.61	0	698.75	137.24
10317.000013214	1271099	261.0795	0:04:21	3458.67	4976.84	3418.83	3433.9	0	1614.86	201.79
10317.000013290	2434118	463.8353	0:07:43	3529.96	4976.93	3511.21	3516.22	11.36	2911.21	233.89
10317.000013313	1048572	217.9012	0:03:37	3453.53	4975.8	3434.89	3439.63	0	1282.53	189.81
10317.000013413	1108211	235.1855	0:03:55	3449.72	4971.85	3431.05	3435.97	0	1427.61	164.53
10317.000013527	615364	133.5359	0:02:13	3449.94	4972.88	3419.8	3425.18	0	702.23	128.65
10317.000013533	13762	7.8306	0:00:07	3449.98	4968.66	3431.36	3436.2	0	16.5	80.59
10317.000013539	1001038	208.5893	0:03:28	3450.75	4973.88	3432.22	3436.94	0	1271.54	197.13
10317.000013541	1496830	305.4779	0:05:05	3456.29	4975.88	3419.33	3433.09	0	1816.99	181.48
10317.000013555	23796	10.2244	0:00:10	3447.72	4972.92	3429.15	3433.89	0	29.13	117.71
10317.000013575	879337	184.2949	0:03:04	3457.76	4980.81	3439.23	3443.96	0	1086.64	158.8
10317.000013586	1748188	364.1269	0:06:04	3469.69	4991.89	3450.97	3455.7	0	2231.04	234.37
10317.000013604	1280583	268.1637	0:04:28	3471.96	4984.93	3439.01	3447.16	0	1646.27	191.81
10317.000013618	841154	174.381	0:02:54	3459.05	4974.83	3440.38	3445.12	0	1072.23	167.86
10317.000013864	1555632	303.372	0:05:03	3462.45	4980.84	3426.29	3439.69	0	1829.3	212.81
10317.000013917	1203629	255.0097	0:04:15	3451.72	4980.8	3414.93	3428.7	0	1459.43	159.55
10317.000014142	30488	14.9019	0:00:14	3435.68	4963.88	3398.88	3412.85	0	132.3	118.59
10317.000014151	1526379	317.6164	0:05:17	3452.95	4972.89	3415.96	3429.74	0	1830.31	188.06
10317.000014153	1046067	221.0755	0:03:41	3460.91	4978.9	3442.33	3447.18	0	1280.3	182.26
10317.000014240	803943	172.5179	0:02:52	3453.17	4976.93	3413.43	3428.51	0	1024.45	167.78
10317.000014279	1201935	247.7914	0:04:07	3454.52	4971.92	3435.95	3440.62	0	1485.34	165.87
10317.000014290	1265646	262.2852	0:04:22	3450.28	4967.81	3431.73	3436.47	0.23	1641.29	202.49
10317.000014356	683634	144.7153	0:02:24	3462.33	4978.91	3443.71	3448.43	0	865.74	120.26
10317.000014397	574508	123.7869	0:02:03	3455.02	4972.92	3419.07	3432.46	0	686.12	137.03
10317.000014399	930726	206.1061	0:03:26	3481.52	4992.92	3462.93	3467.67	0	1185.97	200.28
10317.000014407	829212	172.5746	0:02:52	3456.89	4972.82	3420.99	3434.39	0.01	1061.61	166.5
10317.000014563	762415	157.7231	0:02:37	3447.67	4982.81	3429.04	3433.77	0	907.83	185.68
10317.000014592	955406	197.1989	0:03:17	3453.68	4980.94	3435.02	3439.75	0	1121.72	148.27
10317.000014606	3599	10.1829	0:00:10	3290.61	4648.41	3254.87	3268.42	0	75.98	47.89
10317.000014648	1229899	251.3171	0:04:11	3446.74	4964.94	3428.23	3432.95	0	1502.06	163.53
10317.000014880	1790641	358.1002	0:05:58	3473.04	4990.91	3454.39	3459.12	0	2264.08	242.67
10317.000015161	775223	164.537	0:02:44	3450.55	4976.9	3414.57	3427.97	0	907.45	173.36
10317.000015461	18394	9.0758	0:00:09	3457.02	4972.92	3438.44	3443.29	0	22.77	121.2
10317.000015542	722243	158.4396	0:02:38	3464.62	4976.91	3446.09	3450.99	0	861.46	174.87
10317.000015575	833588	176.2792	0:02:56	3462.49	4975.88	3443.82	3448.56	0	1059.44	165.34
10317.000015581	406089	88.5348	0:01:28	3466.59	4982.91	3447.96	3452.69	0	487.01	195.72
10317.000015598	998265	206.8558	0:03:26	3457.07	4982.93	3438.54	3443.28	0	1262.24	198.38
10317.000015623	787671	162.4918	0:02:42	3446.73	4970.89	3428.07	3432.8	0	924.09	180.24
10317.000015826	585437	127.3284	0:02:07	3450.25	4972.94	3410.53	3425.6	0	680.8	133.6
10317.000015828	533259	115.583	0:01:55	3470.31	4976.92	3451.71	3456.44	0	670.68	150.08
10317.000016313	1043414	220.7438	0:03:40	3468.58	4984.84	3450	3454.74	0.01	1270.38	186.66
10317.000016333	63185	18.7467	0:00:18	3464.38	4984.88	3445.84	3450.67	0	77.5	203.07
10317.000016484	17195	8.4354	0:00:08	3429.89	4964.93	3411.33	3416.18	0	20.82	100.25
10317.000016485	749447	172.895	0:02:52	3484.41	4996.73	3465.72	3470.83	0	965.69	161.25
10317.000016500	1012724	212.5346	0:03:32	3461.16	4985.93	3425.1	3438.5	0	1268.04	135.51
10317.000016501	962238	203.8064	0:03:23	3450.46	4968.88	3410.7	3425.78	0	1228.13	140.59
10317.000017080	1324274	280.0242	0:04:40	3482.38	4976.91	3442.37	3457.56	0	1639.54	183.56
10317.000017084	983142	204.0603	0:03:24	3481.59	4984.84	3445.67	3459.25	0	1256.52	141.32
10317.000017092	915177	191.037	0:03:11	3466.05	4975.89	3447.47	3452.21	0.01	1097.7	153.73
10317.000017093	674845	143.7396	0:02:23	3450.76	4972.95	3410.94	3426.01	0.01	854.53	118.34
10317.000017118	1011926	211.562	0:03:31	3458.75	4980.91	3440.26	3445.11	0	1267.07	189.6
10317.000017208	1163365	259.1636	0:04:19	3453.45	4980.83	3417.41	3430.97	0	1644.18	189.65
10317.000018404	869976	185.0431	0:03:05	3448.35	4976.66	3408.55	3423.61	0	1058	155.13
10317.000018412	1481648	308.6909	0:05:08	3451.48	4968.94	3411.61	3426.61	0	1820.44	194.8
10317.000020515	915550	190.0936	0:03:10	3465.76	4981.76	3442.21	3447.05	0	1085.33	150.51
10317.000020538	830374	180.2515	0:03:00	3471.27	4990.67	3431.4	3446.48	0	1038.9	159.97
10317.000020562	1092855	228.4162	0:03:48	3458.29	4972.91	3422.21	3435.64	0	1609.01	162.93
10317.000020655	309627	80.7225	0:01:20	3477.27	4992.77	3440.45	3454.25	0	396.69	212.67
10317.000020656	1280808	262.3831	0:04:22	3449.86	4979.9	3413.88	3427.28	0	1644.98	199.21
10317.000020681	1206537	247.9405	0:04:07	3454.91	4971.92	3436.18	3441.09	0	1480.07	158.79
10317.000020706	584913	332.1819	0:05:32	3497	4995.79	3478.35	3483.08	0	708.87	306.52
10317.000020750	1119673	230.332	0:03:50	3444.89	4972.89	3421.95	3426.79	0	1455.84	175.4
10317.000020788	884104	184.6938	0:03:04	3450.31	4975.9	3431.76	3436.5	0	1079	158.91
10317.000021950	909989	184.8434	0:03:04	3458.62	4980.88	3439.96	3444.7	0	1113.73	158.05
10317.000022159	1017912	207.0891	0:03:27	3463.39	4976.95	3434.91	3439.78	0	1286.05	136.91
10317.000022164	297334	66.4975	0:01:06	3446.91	4968.88	3428.27	3433	0.01	221.37	82.14
10317.000022431	879555	168.1934	0:02:48	3479.84	4980.89	3461.33	3466.42	0	1226.81	168.8
10317.000022510	1490320	310.2823	0:05:10	3454.93	4980.93	3436.14	3440.88	0	1870.71	199.17
10317.000022541	27280	10.8127	0:00:10	3438.34	4964.93	3419.72	3424.44	0	33.86	119.84
10317.000022591	738453	155.0536	0:02:35	3465.1	4976.89	3446.59	3451.42	0	889.31	185.07
10317.000022606	696657	146.6487	0:02:26	3455.96	4976.83	3419.92	3433.31	0	870.01	116.15
10317.000022638	813714	185.8877	0:03:05	3481.28	4994.75	3462.63	3467.37	0	983.94	158.14
10317.000022663	958284	210.1484	0:03:30	3513.45	4988.96	3494.77	3499.86	0	1194.67	194.36
10317.000022676	724967	150.5753	0:02:30	3454.2	4981.9	3418.2	3431.6	0	904.25	113.9
10317.000022951	1265551	261.5102	0:04:21	3443.54	4968.83	3410.96	3418.88	0.01	1646.36	232.28
10317.000022959	752139	166.7761	0:02:46	3446.52	4972.96	3409.76	3423.61	0	876.05	157.89
10317.000022965	1220705	260.6794	0:04:20	3455.09	4978.89	3429.07	3433.91	0	1585.91	232.49
10317.000023203	1291524	273.1541	0:04:33	3458.47	4980.92	3439.82	3444.71	147.38	1612.85	179.89
10317.000023217	1193730	258.8142	0:04:18	3468.16	4980.94	3449.42	3454.32	0	1817.95	195.18
10317.000023230	933685	201.0534	0:03:21	3465.94	4984.79	3438.35	3443.2	0	1208.14	143.86
10317.000023231	554279	118.9802	0:01:58	3457.44	4972.92	3438.76	3443.5	0.01	686.12	145.97
10317.000023840	1366549	273.3852	0:04:33	3446.47	4968.89	3427.66	3432.39	0	1719.09	194.06
10317.000023894	729376	156.5657	0:02:36	3465.47	4980.93	3446.93	3451.65	0	883.64	188.15
10317.000023928	1211777	252.3962	0:04:12	3450.8	4977.88	3432.27	3437	0	1486.07	163.18
10317.000023984	1286912	260.1321	0:04:20	3459.46	4976.92	3422.62	3436.41	0	1775.47	185.71
10317.000026002	959777	207.706	0:03:27	3443.17	4966.89	3403.34	3418.41	0	1209.56	194.26
10317.000026014	1127413	225.4473	0:03:45	3459	4975.71	3440.32	3445.06	0	1344.46	182.3
10317.000026049	704351	144.7149	0:02:24	3447.59	4972.77	3428.91	3433.77	0	876.4	114.12
10317.000026076	773827	162.2854	0:02:42	3466.29	4976.89	3447.62	3452.36	0	910.11	181.84
10317.000026083	615122	205.0746	0:03:25	3493.34	5000.83	3457.3	3470.69	0	771.02	259.94
10317.000026116	2887079	640.2599	0:10:40	3465.86	4980.83	3428.75	3442.52	3204.84	4346.54	266.35
10317.000026122	2036503	430.7965	0:07:10	3455.57	4970.93	3418.55	3432.34	0	2562.05	223.8
10317.000026124	2823877	621.0377	0:10:21	3615.82	4976.94	3578.71	3592.67	3204.86	4914.57	256.27
10317.000026143	1165071	248.1651	0:04:08	3460.3	4976.78	3420.48	3435.54	0	1418.36	163.62
10317.000026193	655183	142.9537	0:02:22	3443.55	4970.85	3403.89	3418.96	0	835.45	118.96
10317.000026521	1219883	251.7628	0:04:11	3459.46	4972.91	3440.91	3445.66	0.01	1494	163.01
10317.000026661	763977	154.5813	0:02:34	3452.53	4968.9	3433.97	3439.08	0	921.14	178.24
10317.000027278	848757	175.3554	0:02:55	3450.79	4967.8	3432.16	3436.88	0	1079.62	166.23
10317.000027373	2062029	417.8471	0:06:57	3455.76	4980.75	3419.56	3432.94	0	2553.01	260.24
10317.000027623	956882	199.0377	0:03:19	3480.34	4979.84	3444.25	3457.82	0	1244.38	144.85
10317.000027643	715322	151.8421	0:02:31	3454.19	4976.89	3414.43	3429.53	0	895.1	186.96
10317.000027659	1301807	288.7528	0:04:48	3451.74	4976.95	3414.88	3428.84	0	1978.25	170.83
10317.000027670	982601	198.4184	0:03:18	3454.86	4980.8	3418.79	3432.19	0	1486.11	143.91
10317.000027840	448864	118.4197	0:01:58	3485.16	4992.79	3466.51	3471.61	0	544.62	137.77
10317.000027899	1011738	210.4296	0:03:30	3469.45	4988.82	3429.6	3444.68	0	1263.41	192.59
10317.000028089	1252109	256.1356	0:04:16	3460.33	4980.91	3441.69	3446.59	0	1490.93	183.61
10317.000028107	1050061	219.5144	0:03:39	3452.51	4968.91	3433.93	3438.78	0	1276.98	182.78
10317.000028118	2019075	417.256	0:06:57	3456.71	4976.93	3437.91	3442.64	0	2586.79	259.2
10317.000028169	841804	176.6547	0:02:56	3449.87	4976.8	3431.24	3435.97	0	1064.64	165.86
10317.000028187	49719	14.9418	0:00:14	3426.03	4956.8	3407.5	3412.34	0	63.86	196.49
10317.000028208	1748817	361.6627	0:06:01	3455.15	4978.93	3436.45	3441.18	0	2216.52	236.66
10317.000028261	494707	109.7982	0:01:49	3470.84	4984.84	3452.25	3456.99	0	643.01	158.17
10317.000028278	1197227	245.9511	0:04:05	3447.85	4968.93	3429.26	3434	0	1487.73	166.77
10317.000028463	1076907	222.6001	0:03:42	3461.33	4988.93	3442.79	3447.69	0	1301.46	178.49
10317.000028534	714649	157.0788	0:02:37	3450.53	4968.9	3410.7	3425.76	0	858.42	182.27
10317.000028663	670798	148.861	0:02:28	3469.67	4988.9	3429.94	3445.01	0	836.59	191.65
10317.000028719	1089222	221.0317	0:03:41	3452.34	4982.9	3433.68	3438.42	0	1324.38	185.98
10317.000028742	472759	102.9117	0:01:42	3450.36	4979.88	3421.7	3426.52	0	513.58	168.61
10317.000028744	664888	143.2608	0:02:23	3451.6	4978.96	3433.05	3437.95	0	846.55	125.03
10317.000028831	19426	14.8964	0:00:14	3475.75	4992.88	3457.11	3461.95	0	25.45	210.66
10317.000028841	1378161	284.2309	0:04:44	3453.38	4976.93	3432.72	3437.55	0	1644.76	182.16
10317.000029161	487867	104.1805	0:01:44	3438.94	4968.65	3408.17	3414.16	0	507.68	166.59
10317.000029164	1232849	252.4074	0:04:12	3450.74	4968.78	3432.15	3436.89	0	1518.89	163.1
10317.000029298	1450075	295.3864	0:04:55	3456.11	4984.91	3437.41	3442.14	0	1858.52	220.77
10317.000029312	319	4.6792	0:00:04	114.18	1221.06	110.77	111.17	0	0.2	0
10317.000029313	497551	105.8983	0:01:45	3456.53	4976.89	3437.99	3442.72	0	470.96	163.31
10317.000029322	1090845	223.6439	0:03:43	3450.92	4971.9	3432.32	3437.05	0	1321.89	184.54
10317.000029342	1409811	291.1948	0:04:51	3456.35	4976.89	3437.57	3442.29	0	1806.01	223.95
10317.000029343	1472871	303.2785	0:05:03	3452.21	4978.77	3433.36	3438.1	0	1851.28	215.38
10317.000029396	855216	170.278	0:02:50	3449.89	4971.89	3413.86	3427.25	0	1102.2	168.48
10317.000029407	2128835	437.1074	0:07:17	3452.41	4978.89	3416.01	3429.41	0	2635.44	219.73
10317.000029425	704817	157.2269	0:02:37	3477.63	4991.79	3458.96	3463.7	0	838.41	187.46
10317.000029432	505687	111.8936	0:01:51	3464.84	4972.82	3446.32	3451.04	0	652.86	154.9
10317.000029452	1685166	534.7636	0:08:54	3581.77	5003.89	3563.04	3567.78	0.32	2177.69	296.71
10317.000029455	1252271	254.5929	0:04:14	3458.97	4972.91	3440.43	3445.15	0	1521.33	161.37
10317.000029477	945649	195.7649	0:03:15	3450.33	4968.93	3413.45	3427.24	0	1101.8	147.49
10317.000029485	802204	169.2375	0:02:49	3469.58	4986.76	3450.93	3455.67	0	1049.2	172.54
10317.000029490	1304420	265.1068	0:04:25	3458.91	4983.93	3440.29	3445.13	0	1659.95	199.7
10317.000029504	1040930	214.2082	0:03:34	3454.26	4978.65	3435.55	3440.29	0	1291.98	191.81
10317.000029535	2249659	445.4005	0:07:25	3456.8	4976.93	3437.97	3442.71	0.06	2891.85	259.47
10317.000029541	1311919	270.0644	0:04:30	3449.29	4968.91	3430.49	3435.22	0	1660.81	197.36
10317.000029998	1183054	247.4591	0:04:07	3464.37	4975.94	3445.83	3450.73	0	1455.73	156.98
10317.000030082	2723022	568.6136	0:09:28	3456.7	4985.93	3437.73	3442.63	11.36	3486.88	271.66
10317.000030120	1051790	223.2389	0:03:43	3470.18	4988.77	3434.1	3447.5	0	1276.61	180.45
10317.000030146	1316034	271.114	0:04:31	3476.05	4988.92	3439.91	3453.31	0	1667.91	191.52
10317.000030210	1449524	295.8074	0:04:55	3461.71	4976.77	3442.87	3447.61	0	1852.8	221.08
10317.000030233	620056	141.4985	0:02:21	3475.16	4984.9	3456.5	3461.35	0	798.93	123.47
10317.000030310	1522386	315.5844	0:05:15	3456.16	4972.88	3419.21	3433.01	0	1842.52	193.08
10317.000030342	1594069	340.0451	0:05:40	3480.77	4991.93	3444.52	3457.92	0	2001.17	223.67
10317.000030362	1600221	324.4484	0:05:24	3453.53	4973.94	3414.78	3428.6	0	2055.93	221.8
10317.000030370	1915061	403.6449	0:06:43	3477.7	4984.88	3458.9	3463.62	0	2394.81	243.54
10317.000030483	1227956	260.8396	0:04:20	3459.49	4976.91	3428.8	3434.73	0	1604.7	232.83
10317.000030484	400157	89.0109	0:01:29	3453.51	4978.77	3434.86	3439.6	0	480.41	194.78
10317.000030509	958298	195.5519	0:03:15	3445.6	4974.76	3426.93	3431.67	0	1134.7	149.86
10317.000030548	800976	173.4501	0:02:53	3487.11	4995.91	3468.57	3473.67	0	1020.25	160.19
10317.000030736	2431155	504.6606	0:08:24	3462.98	4983.65	3444.14	3448.88	3207.04	3079.11	264.11
10317.000030742	2027566	433.9472	0:07:13	3482.26	4992.82	3463.4	3468.14	1.49	2533.44	240.2
10317.000030763	1515476	312.2184	0:05:12	3462.25	4982.93	3443.42	3448.15	0	1871.66	195.93
10317.000030774	282	4.7249	0:00:04	114.76	1220.97	110.77	111.35	0	0.11	0
10317.000030974	1072296	226.7043	0:03:46	3447.77	4972.91	3429.24	3434.14	0	1283.7	171.7
10317.000030993	1514185	306.8358	0:05:06	3455.98	4974.81	3437.18	3441.91	0.01	1889.95	202.63
10317.000031006	1334587	272.954	0:04:32	3449.77	4972.89	3430.95	3435.69	0.01	1680.66	194.99
10317.000031085	440541	97.6266	0:01:37	3448.58	4970.79	3429.94	3434.67	0	494.3	163.03
10317.000031265	133	4.8457	0:00:04	120.41	1235	116.32	116.91	0	0.02	0
10317.000031295	1327972	278.0834	0:04:38	3450.24	4982.95	3431.52	3436.25	0	1654.03	191.54
10317.000031463	1513941	294.8876	0:04:54	3446.96	4976.79	3410.76	3424.16	0	1921.23	218.6
10317.000031479	977189	201.9087	0:03:21	3448.59	4968.8	3429.98	3434.7	0	1265.79	145.32
10317.000031488	763925	161.001	0:02:41	3450.02	4973.71	3431.38	3436.21	0	902.52	177.53
10317.000031493	936732	195.3538	0:03:15	3446.33	4963.67	3406.48	3421.56	0	1101.75	148.22
10317.000031501	1759663	351.2401	0:05:51	3451.33	4972.93	3411.31	3426.39	0.01	2200.98	225.81
10317.000031515	1677082	345.5655	0:05:45	3452.01	4971.93	3433.3	3438.04	0	2073.22	197.41
10317.000031782	1075290	221.8579	0:03:41	3450.26	4968.8	3431.61	3436.34	0	1302.28	185.98
10317.000031790	1505254	310.7171	0:05:10	3449.61	4967.9	3409.62	3424.69	0	1862.68	198.33
10317.000031878	1017886	211.6986	0:03:31	3452.61	4980.79	3433.97	3438.7	0.01	1279.67	194.25
10317.000031891	973291	209.4514	0:03:29	3472.85	4988.7	3433.02	3448.09	0	1227.32	193.24
10317.000031892	1395684	291.4024	0:04:51	3473.39	4988.93	3433.38	3448.45	0.01	1772.93	220.16
10317.000031904	672413	141.8934	0:02:21	3453.67	4976.88	3435.01	3439.75	0.01	861.22	122.2
10317.000032629	1133677	239.5008	0:03:59	3452.93	4978.88	3434.27	3439.01	0.01	1420.56	171.54
10317.000032652	580170	138.4828	0:02:18	3485.09	4996.93	3466.5	3471.25	0	888.51	213.83
10317.000032665	1157436	240.7289	0:04:00	3450.23	4972.96	3431.57	3436.47	0	1456.7	163.65
10317.000032676	1154001	239.9424	0:03:59	3452.98	4968.93	3434.35	3439.08	0	1465.57	171.5
10317.000032737	597804	125.676	0:02:05	3462.66	4983.9	3444.06	3448.78	0	694.88	138.24
10317.000032741	1284134	273.3144	0:04:33	3474.04	4984.92	3437.04	3450.82	0	1613.08	191.71
10317.000032748	727883	157.2925	0:02:37	3452.87	4968.89	3413.03	3428.11	0	880.4	182.91
10317.000032753	1221043	254.9783	0:04:14	3462.46	4980.75	3443.85	3448.58	0.01	1484.2	161.65
10317.000032754	516118	114.8156	0:01:54	3469.32	4978.93	3435.08	3444.54	0	657.18	148.65
10317.000032760	332391	75.252	0:01:15	3447.95	4970.93	3429.3	3434.15	0	119.54	70.87
10317.000032764	775695	164.277	0:02:44	3456.91	4980.84	3417.21	3432.27	0	889.98	175.84
10317.000032796	1048658	227.6853	0:03:47	3475.64	4984.88	3457	3461.73	0	1258.84	181.22
10317.000032848	954796	205.7539	0:03:25	3456.21	4976.95	3419.51	3433.28	0	1219.34	198.12
10317.000032872	1034735	212.3736	0:03:32	3481.77	5012.92	3463.22	3467.95	0	1266.68	194.33
10317.000032878	1374433	286.9452	0:04:46	3520.85	4988.94	3502.24	3507.32	3207.07	1616.29	162.1
10317.000032907	954231	216.7276	0:03:36	3473.46	4984.9	3433.62	3448.7	0	1174.93	187.14
10317.000032921	1058180	223.92	0:03:43	3460.81	4972.91	3442.29	3447.02	0	1277.67	184.62
10317.000032955	692616	149.715	0:02:29	3449.18	4968.89	3412.32	3426.12	0	861.8	193.51
10317.000032963	897772	190.8595	0:03:10	3453.12	4980.8	3416.31	3430.08	0	1079.77	151.07
10317.000033027	1108736	234.6755	0:03:54	3455.79	4980.91	3425.71	3431.13	0	1416.42	173.37
10317.000033134	497385	101.3215	0:01:41	3473.27	4976.84	3454.74	3459.6	0	548.46	164.7
10317.000033155	1175681	274.144	0:04:34	3476.61	4997.82	3439.73	3453.53	0	1472.69	191.32
10317.000033382	630084	129.5369	0:02:09	3450.2	4971.87	3431.66	3436.51	0	766.63	128.36
10317.000033428	571141	125.2034	0:02:05	3465.97	4975.89	3447.35	3452.19	0	685.35	135.45
10317.000033459	1001299	207.7118	0:03:27	3449.27	4972.91	3430.61	3435.35	0	1280.21	199.42
10317.000033472	1715907	347.373	0:05:47	3454.3	4980.66	3433.33	3438.18	0	2107.24	218.22
10317.000033473	960037	217.524	0:03:37	3481.27	4986.74	3462.54	3467.43	0	1179.07	181.18
10317.000033475	1002170	208.6341	0:03:28	3454.46	4979.67	3435.84	3440.57	0	1262.41	198.61
10317.000033482	982252	207.14	0:03:27	3451.6	4976.77	3432.95	3437.68	0	1254.6	199.86
10317.000033510	649214	148.0394	0:02:28	3556.05	4980.8	3519.94	3533.39	0	837.98	174.19
10317.000033548	889109	187.3198	0:03:07	3470.93	4984.9	3452.24	3456.98	0	1088.02	156.77
10317.000033561	333543	77.2697	0:01:17	3470.81	4983.89	3452.18	3457.02	0	94.51	69
10317.000033564	1143831	242.8839	0:04:02	3460.98	4980.91	3442.36	3447.1	0	1441.34	170.59
10317.000033590	923017	190.361	0:03:10	3457.84	4976.93	3439.29	3444.03	0	1092.77	154.51
10317.000033591	944302	199.4865	0:03:19	3454.78	4980.93	3436.22	3441.07	51.57	1217.46	142.56
10317.000033729	793743	164.2699	0:02:44	3460.79	4988.91	3442.17	3446.92	0	919.65	177.48
10317.000033748	653928	138.9267	0:02:18	3454.32	4980.8	3435.75	3440.49	0	917.29	125.65
10317.000033797	345	4.8261	0:00:04	114.16	1211.01	110.78	111.18	0	0.03	0
10317.000033799	2315293	490.3293	0:08:10	3459.38	4979.91	3419.35	3434.42	2.21	2919.34	244.37
10317.000034123	1405012	286.6652	0:04:46	3449.72	4976.82	3430.9	3435.64	0	1714.63	185.73
10317.000035272	695715	148.7427	0:02:28	3455.58	4975.89	3436.94	3441.67	0	866.53	196.68
10317.000035348	623349	179.9498	0:02:59	3490.9	4996.92	3468.7	3473.53	0	770.13	226.81
10317.000035361	627015	130.0882	0:02:10	3451.64	4971.84	3414.91	3428.7	0.01	718.7	132.2
10317.000035416	2712073	584.2375	0:09:44	3451.23	4979.91	3432.56	3437.28	3207.04	3453.52	246.1
10317.000035478	1193937	246.0442	0:04:06	3450.58	4976.9	3414.68	3428.07	0	1475.48	164.98
10317.000035484	1185118	249.9821	0:04:09	3444.35	4966.93	3412.97	3419.74	0	1457.7	158.63
10317.000036135	894436	188.3274	0:03:08	3454.26	4972.93	3414.54	3429.61	0	1083.86	153.11
10317.000036157	1435980	292.6696	0:04:52	3450.75	4978.71	3432	3436.73	0	1871.73	222.42
10317.000036865	474	4.936	0:00:04	2671.82	4648.34	2658.18	2663.01	0	0.03	23.21
10317.000036876	233783	54.8225	0:00:54	3453.71	4979.79	3413.91	3428.99	0	277.32	97.32
10317.000036963	2437366	493.4834	0:08:13	3473.34	4978.9	3454.54	3459.26	3207.04	3063.02	241.51
10317.000037486	903950	191.539	0:03:11	3460.45	4975.91	3441.78	3446.51	0	1087.11	152.17
10317.000037491	551465	118.8168	0:01:58	3448.97	4968.84	3430.41	3435.15	0	676.99	146
10317.000037514	902939	191.2253	0:03:11	3455.23	4968.88	3418.37	3432.17	0	1089.06	151.47
10317.000037534	586364	128.1655	0:02:08	3456.42	4982.7	3416.61	3431.68	0	685.62	132.25
10317.000037542	1567916	314.4422	0:05:14	3462.05	4983.79	3443.37	3448.11	0	1895.63	194.79
10317.000037543	595165	135.9095	0:02:15	3475.92	4984.74	3457.26	3462	0	667.41	128.97
10317.000037549	941527	196.568	0:03:16	3457.12	4976.83	3421.19	3434.58	0	1120.89	146.14
10317.000037551	802639	181.0496	0:03:01	3476.49	4992.77	3436.68	3451.75	0	999.59	158.91
10317.000037576	1405989	302.4142	0:05:02	3456.23	4980.93	3419.25	3433.03	0	1792.45	212.04
10317.000037595	924142	194.3303	0:03:14	3456.35	4977.93	3437.78	3442.64	0	1105.52	145.71
10317.000037597	1017483	216.8715	0:03:36	3464.91	4974.9	3428.05	3441.84	0	1249.49	187.42
10317.000037598	478506	268.0041	0:04:28	3500.68	4995.92	3479.88	3484.72	0	577.29	288.98
10317.000037611	1330254	275.0766	0:04:35	3450.55	4970.77	3414.5	3425.59	0	1633.16	191.2
10317.000037917	1082658	233.4926	0:03:53	3456.57	4976.8	3438	3442.75	0	1406.56	177.27
10317.000037925	879779	187.2773	0:03:07	3454.96	4979.9	3418.2	3431.99	0	1077.38	155.03
10317.000037936	1436691	303.0006	0:05:03	3457.13	4978.84	3417.08	3432.28	0	1799.23	238.95
10317.000037937	925632	193.5807	0:03:13	3452.46	4979.93	3416.43	3429.81	0	1105.66	147.39
10317.000037946	989551	210.7777	0:03:30	3451.45	4968.82	3432.79	3437.68	0	1236.71	184.5
10317.000037950	759310	178.511	0:02:58	3486.31	4996.93	3446.41	3461.62	0	965	147.11
10317.000037961	776082	167.185	0:02:47	3463.52	4984.75	3423.72	3438.78	0	882.79	169.86
10317.000037967	889984	184.7813	0:03:04	3441.83	4962.82	3423.19	3427.92	0	1087.92	157.93
10317.000037970	1823868	395.8373	0:06:35	3462.16	4978.96	3421.99	3437.18	2.2	2276.59	240.48
10317.000037984	989358	208.7586	0:03:28	3457.02	4972.91	3438.38	3443.11	0	1251.54	197.54
10317.000037987	991764	207.3165	0:03:27	3455.86	4979.86	3437.18	3441.92	0	1265.5	199.09
10317.000037989	731021	155.7171	0:02:35	3449.91	4976.9	3431.34	3436.08	0	887.95	189.22
10317.000037995	834829	178.3596	0:02:58	3460	4976.91	3423.35	3437.11	0	1051.55	158.07
10317.000037996	1391682	296.0698	0:04:56	3455.01	4972.88	3432.96	3437.81	0	1807.99	215.89
10317.000038006	431459	97.3779	0:01:37	3454.15	4971.9	3417.39	3431.18	0	484.76	166.21
10317.000038024	1154611	234.688	0:03:54	3475.11	4992.94	3456.47	3461.2	0.01	1448.24	175.79
10317.000038031	787391	166.3883	0:02:46	3478.91	4996.69	3460.21	3464.96	0	916.1	176.34
10317.000038032	670691	147.1627	0:02:27	3453.82	4979.81	3423.68	3429.02	0	848.14	194.36
10317.000038034	609048	129.6987	0:02:09	3455.1	4968.88	3436.4	3441.14	0	703.64	134.09
10317.000038037	771303	161.4531	0:02:41	3467.45	4993.83	3448.89	3453.64	0	901.33	182.31
10317.000038042	1099338	231.6848	0:03:51	3457.68	4983.95	3435.57	3440.43	0	1420.59	170.73
10317.000038043	985449	200.8523	0:03:20	3449.74	4976.89	3431.23	3436.07	1.18	1249.98	145.56
10317.000038045	822437	172.0486	0:02:52	3459.79	4980.93	3441.18	3445.84	0	1063.22	170.12
10317.000038057	799887	168.8827	0:02:48	3453.06	4976.89	3417.02	3430.41	0	1122.2	170.97
10317.000038063	616263	146.4723	0:02:26	3481.43	4996.77	3444.67	3458.43	0	779.55	197.08
10317.000038075	961635	212.1381	0:03:32	3456.96	4980.79	3438.35	3443.43	3343.08	1201.36	162.33
10317.000038093	1259192	261.2951	0:04:21	3450.9	4976.93	3432.36	3437.1	0	1621.55	234.52
10317.000038099	1056067	235.1377	0:03:55	3450.32	4968.88	3413.43	3427.26	0	1377.71	159.56
10317.000038118	1130284	241.996	0:04:01	3455.72	4978.79	3433.43	3438.3	0	1482.25	164.57
10317.000038125	879832	195.8643	0:03:15	3481.99	4992.92	3443.41	3457.28	0	1032.54	145.36
10317.000038126	544072	115.5413	0:01:55	3466.66	4976.91	3447.91	3452.65	0	670.51	149.99
10317.000038129	1090194	239.4221	0:03:59	3462.11	4988.89	3425.22	3439.02	0	1386.8	169.61
10317.000038131	1148101	247.2945	0:04:07	3452.88	4975.94	3413.05	3428.13	0	1425.59	163.85
10317.000038134	1067952	228.5058	0:03:48	3469.75	4980.8	3451.09	3455.94	0	1617.89	178.51
10317.000038136	747367	162.1025	0:02:42	3452.73	4976.71	3412.86	3427.94	0	883.12	177.98
10317.000038141	870377	218.721	0:03:38	3486.89	4988.69	3447.05	3462.12	0.01	1063.26	185.83
10317.000038146	628176	135.2222	0:02:15	3461.98	4984.8	3443.34	3448.08	0	703.53	128.56
10317.000038148	1100854	229.5294	0:03:49	3470.48	4986.94	3451.94	3456.83	0	1432.34	171.98
10317.000038149	1654509	333.0076	0:05:33	3455.25	4978.81	3436.56	3441.41	0	2035.97	213.38
10317.000038153	1262911	259.2274	0:04:19	3475.44	5004.91	3456.91	3461.64	0	1884.45	188.77
10317.000038161	1318079	272.048	0:04:32	3460.13	4988.78	3441.33	3446.06	0	1660.34	195.6
10317.000038166	1159192	237.1816	0:03:57	3452.16	4970.89	3433.48	3438.22	0	1467.86	173.97
10317.000038183	9648	8.018	0:00:08	3456.65	4975.84	3438.1	3442.94	0	10.99	95.38
10317.000038189	818575	172.8525	0:02:52	3455.17	4978.88	3436.66	3441.39	0	1038.09	169.48
10317.000038190	752117	152.5771	0:02:32	3460.84	4980.82	3442.21	3447.31	0	908.85	179.14
10317.000038191	1169073	237.5953	0:03:57	3461.65	4975.8	3442.97	3447.71	0	1466.29	173.35
10317.000038225	746112	156.2707	0:02:36	3452.49	4977.89	3415.7	3429.5	0	873.31	182.79
10317.000038240	37177	15.6988	0:00:15	3425.9	4966.93	3407.22	3412.32	0	48.21	147.21
10317.000038245	1006727	200.6576	0:03:20	3449.82	4971.9	3431.27	3436.37	0	1285.49	138.86
10317.000038246	682957	156.8868	0:02:36	3483.06	4996.8	3464.38	3469.12	0	818.83	189.11
10317.000038253	777306	198.7474	0:03:18	3488.73	4994.8	3470.09	3474.81	0	898.04	210.47
10317.000038255	736379	157.358	0:02:37	3451.02	4968.88	3415.09	3428.49	0.01	886.87	183.91
10317.000038272	1063633	222.5515	0:03:42	3459.78	4976.91	3441.12	3445.86	0	1293.39	184.33
10317.000038311	781484	313.4213	0:05:13	3497.52	5005.95	3476.29	3481.16	0	934.78	275.1
10317.000038333	2469368	490.0768	0:08:10	3498.7	4975.94	3479.98	3484.72	3207.04	3009.88	235.17
10317.000038334	829243	174.5165	0:02:54	3457.62	4978.82	3439	3443.72	0	1052.42	166.91
10317.000038360	794450	167.6068	0:02:47	3463.4	4976.9	3444.75	3449.48	0	909.3	174.86
10317.000038378	733927	169.9439	0:02:49	3462.11	4980.86	3422.36	3437.47	0	974.7	152.62
10317.000038393	98404	25.575	0:00:25	3438.12	4972.88	3419.59	3424.32	0	21.29	187.04
10317.000038435	727177	167.9822	0:02:47	3482.82	4992.79	3464.14	3468.89	0	831.98	176.14
10317.000038454	603207	129.5387	0:02:09	3452.27	4968.89	3433.64	3438.36	0	701.18	133.42
10317.000039714	681372	148.0894	0:02:28	3471.46	4992.79	3452.82	3457.55	0.01	849.81	199.2
10317.000039808	907525	178.8434	0:02:58	3492.02	4974.87	3473.52	3478.61	0	1136.93	159.38
10317.000039828	389070	86.4188	0:01:26	3443.05	4975.93	3424.48	3429.21	0	474.95	62.57
10317.000039837	910747	192.2456	0:03:12	3463.4	4979.89	3444.79	3449.53	0.01	1089.66	152.66
10317.000039878	745417	161.3664	0:02:41	3457.13	4979.8	3437.04	3441.88	0	879.07	178.26
10317.000039882	1516430	307.7613	0:05:07	3452.08	4975.93	3433.25	3438	0	1875.19	202.66
10317.000039905	999561	212.6215	0:03:32	3456.03	4977.81	3416.22	3431.29	0	1253.76	190.81
10317.000039916	1002613	209.2435	0:03:29	3449.1	4978.79	3430.45	3435.55	147.38	1262.51	181.77
10317.000039962	633249	134.8121	0:02:14	3460.93	4975.84	3442.29	3447.01	0.01	708.98	128.27
10317.000040008	1191983	250.7533	0:04:10	3464.89	4988.79	3442.25	3447.08	0	1468.92	160.94
10317.000040073	767077	163.9097	0:02:43	3457.13	4984.81	3438.48	3443.22	0	900.33	179.45
10317.000040095	674724	141.391	0:02:21	3446.71	4968.94	3410.64	3424.03	0	868.75	119.58
10317.000040107	733693	154.9027	0:02:34	3450.43	4973.78	3431.77	3436.5	0	879.98	188.46
10317.000040110	449934	97.515	0:01:37	3449.28	4972.91	3430.57	3435.32	0	506.49	176.68
10317.000040111	821972	175.2848	0:02:55	3453.09	4984.93	3434.59	3439.31	0	1054.57	167.87
10317.000040153	1667404	324.6015	0:05:24	3458.1	4975.93	3439.39	3444.12	0	2085.43	222.22
10317.000040168	438533	95.693	0:01:35	3451.07	4975.91	3432.58	3437.31	0	500.34	183.37
10317.000040315	927850	192.1002	0:03:12	3455.93	4986.77	3416.08	3431.15	0	1079.51	150.5
10317.000040318	1036633	220.1608	0:03:40	3457.98	4976.66	3421.18	3434.95	0	1272.98	184.86
10317.000040350	1539904	323.9575	0:05:23	3457.39	4975.8	3417.48	3432.56	0	1985.76	198.37
10317.000040357	1607706	331.6786	0:05:31	3470.77	4988.7	3451.9	3456.64	0	2036.32	232.44
10317.000040372	1269950	260.9675	0:04:20	3462.8	4984.8	3444.16	3448.89	0	1657.27	233.86
10317.000040381	687021	148.09	0:02:28	3475.52	4992.88	3456.99	3461.66	0	865.48	197.23
10317.000040407	839837	172.0346	0:02:52	3446.76	4971.77	3422.89	3427.73	0	1071.3	167.68
10317.000040410	916679	192.692	0:03:12	3459.69	4983.7	3441.08	3445.8	0	1096.6	152.82
10317.000041258	648729	191.2348	0:03:11	3489.83	4999.91	3458.7	3465.09	0	763.81	216.44
10317.000041311	1176019	246.3407	0:04:06	3451.03	4972.81	3411.2	3426.27	0	1461.99	165.02
10317.000041312	1480713	312.9831	0:05:12	3457.99	4984.94	3422.62	3433.25	0	1828.81	187
10317.000041314	960525	203.5964	0:03:23	3470.25	4988.87	3451.64	3456.54	0	1232.31	193.13
10317.000041323	719963	155.7117	0:02:35	3500.61	4983.91	3470.28	3476.01	0	866.36	182.95
10317.000041526	777357	161.5394	0:02:41	3444.87	4976.76	3405.04	3420.1	0	914.37	176.55
10317.000041528	310347	69.1701	0:01:09	3446.5	4975.93	3427.93	3432.67	0	173.98	79.11
10317.000041533	251541	58.1506	0:00:58	3441.68	4968.83	3401.86	3416.92	0	289.06	90.62
10317.000041534	1096910	372.8944	0:06:12	3494.97	5000.9	3476.12	3480.86	0	1334.6	273.63
10317.000041539	1143751	242.9474	0:04:02	3450.26	4984.78	3410.44	3425.5	0	1438	167.54
10317.000041637	73884	84.426	0:01:24	3494.78	4996.75	3476.14	3480.87	0	31.29	210.57
10317.000041652	2205459	446.46	0:07:26	3475.32	4986.88	3448.58	3453.32	0	2771.36	240.52
10317.000041673	810279	170.2928	0:02:50	3455.29	4979.71	3436.65	3441.38	0	1047.84	172.41
10317.000041679	823615	173.7752	0:02:53	3453.96	4983.71	3435.33	3440.06	0	1060.03	168.44
10317.000041690	858709	181.6789	0:03:01	3451.23	4972.93	3432.7	3437.54	0	1061.79	158.29
10317.000041698	122146	90.4195	0:01:30	3489.27	5000.71	3453.22	3466.61	0	26.93	195.08
10317.000041700	1239994	258.9369	0:04:18	3453.32	4984.95	3434.8	3439.69	0	1872.18	184.4
10317.000041712	923527	197.1956	0:03:17	3502.78	4988.77	3466.71	3480.28	0	1411.23	145.75
10317.000041724	791641	160.8889	0:02:40	3450.8	4971.91	3432.26	3437.36	0	926.16	170.61
10317.000041744	624607	136.6969	0:02:16	3480.7	4984.89	3462.16	3466.89	0	695.49	126.71
10317.000041752	812540	173.8951	0:02:53	3453.66	4980.9	3431.82	3436.65	0	1031.16	165.37
10317.000041758	821280	173.4677	0:02:53	3474.31	4987.91	3434.54	3449.62	0	1020.56	166.42
10317.000041779	910593	193.1326	0:03:13	3451.07	4976.89	3423.79	3428.61	0.01	1087.51	149.29
10317.000041783	729593	156.9257	0:02:36	3473.07	4984.75	3454.42	3459.15	0	878.58	185.45
10317.000041935	1992570	410.7451	0:06:50	3452.8	4980.91	3433.98	3438.88	11.36	2701.41	228.72
10317.000041938	500015	108.5388	0:01:48	3442.44	4968.88	3405.54	3419.35	0	710.29	157.64
10317.000041945	699228	146.4189	0:02:26	3443.39	4968.78	3424.71	3429.45	0	878.89	119.23
10317.000042014	740688	156.9544	0:02:36	3451.59	4976.93	3432.93	3437.67	0	886.43	186.43
10317.000042021	1530652	319.9159	0:05:19	3456.72	4975.78	3433.48	3438.32	0	2129.48	186.1
10317.000042029	920920	194.7728	0:03:14	3449.19	4974.78	3430.55	3435.28	0	1090.77	150.39
10317.000042046	431414	95.2414	0:01:35	3467.53	4988.79	3431.45	3444.85	0	495.53	180.18
10317.000042546	484750	172.2647	0:02:52	3490.16	4996.78	3452.78	3466.18	0	624.54	239.42
10317.000042606	605720	126.3466	0:02:06	3455.22	4975.9	3436.55	3441.66	0	713.22	125.5
10317.000042674	336720	77.4218	0:01:17	3462.43	4976.79	3443.79	3448.52	0	73.15	70.87
10317.000042689	694307	148.4897	0:02:28	3458.19	4983.83	3439.51	3444.25	0	869.72	197.06
10317.000042738	1052273	225.3327	0:03:45	3453.76	4984.9	3413.96	3429.03	0	1264.63	180.92
10317.000042739	1080735	232.6573	0:03:52	3452.1	4973.93	3433.39	3438.3	147.38	1381.36	160.85
10317.000042744	1117972	226.5496	0:03:46	3456.42	4971.89	3437.76	3442.5	0	1315.09	182.17
10317.000042875	871807	181.3331	0:03:01	3448.27	4976.9	3429.58	3434.32	0	1082.87	160.79
10317.000042876	699179	145.6312	0:02:25	3438.26	4969.89	3419.62	3424.35	0	883.79	118.16
10317.000043014	478868	106.5862	0:01:46	3462.07	4974.91	3443.41	3448.14	0	450.18	163.24
10317.000043076	981758	207.3956	0:03:27	3471.88	4987.81	3435.83	3449.23	0	1248.45	138.19
10317.000043085	19901	10.5349	0:00:10	3465.54	4979.92	3447.01	3451.74	0	26.04	174.11
10317.000043089	1188097	245.4089	0:04:05	3463.15	4983.75	3437.68	3442.52	0.71	1451.18	164.91
10317.000043098	907420	188.3169	0:03:08	3451.59	4975.94	3433.05	3437.78	0	1091.07	154.9
10317.000043099	1619276	334.2184	0:05:34	3451.7	4978.89	3433	3437.72	0	2044.86	231.02
10317.000043133	721089	147.7095	0:02:27	3453.32	4976.77	3434.7	3439.79	0	904.61	186.95
10317.000043160	834322	165.8607	0:02:45	3465.3	4976.94	3446.82	3451.89	0	954.02	172.33
10317.000043227	905676	194.1086	0:03:14	3470.59	4982.94	3430.86	3445.81	0	1074.04	146.49
10317.000044303	1032658	218.9244	0:03:38	3461.88	4974.93	3443.29	3448.21	0	1267.35	181.72
10317.000044319	693071	149.4675	0:02:29	3465.01	4983.93	3446.49	3451.2	0	863.52	194.48
10317.000044328	926477	196.3076	0:03:16	3464.79	4979.8	3427.94	3441.73	0	1070.08	146.46
10317.000044360	1472226	332.1581	0:05:32	3486.09	4992.79	3467.25	3471.99	0	1880.44	233.01
10317.000044364	925469	203.4708	0:03:23	3519.72	4988.9	3501.01	3506.11	0	1193.1	200.32
10317.000044368	836328	167.0968	0:02:47	3496.13	4980.78	3477.65	3482.73	0	1269.5	170.8
10317.000044378	1365550	285.8314	0:04:45	3455.88	4980.65	3434.12	3438.96	0	1670.55	181.76
10317.000044384	1515045	371.9675	0:06:11	3491.68	5000.81	3454.6	3468.44	0	1892.82	223.03
10317.000044535	1593968	324.0637	0:05:24	3456.74	4972.89	3437.93	3442.66	0	2040.14	221.71
10317.000044536	735096	158.2015	0:02:38	3447.05	4976.93	3407.27	3422.35	0	878.55	182.3
10317.000044557	685590	153.1915	0:02:33	3475.9	4994.82	3457.23	3461.97	0	842.46	192.71
10317.000044558	835404	175.8312	0:02:55	3449.64	4970.89	3430.96	3435.71	0.01	1069.07	167.68
10317.000045017	972902	201.4186	0:03:21	3475.32	4995.84	3456.78	3461.51	0	1261.36	145.96
10317.000045020	1021237	215.121	0:03:35	3464.69	4987.76	3446.06	3450.78	0	1264.91	191.13
10317.000046072	1601131	342.339	0:05:42	3474.28	4992.91	3434.27	3449.37	0	1935.07	185.38
10317.000046077	782408	176.5999	0:02:56	3452.11	4980.91	3415.38	3429.33	0	997.04	150.26
10317.000046084	619392	132.2269	0:02:12	3447.46	4973.92	3410.72	3424.51	0	705.46	126.51
10317.000046095	866595	178.0095	0:02:58	3457	4976.9	3438.32	3443.06	0	1066.91	163.73
10317.000046178	1041187	219.3169	0:03:39	3456.39	4981.84	3437.71	3442.45	0	1275.58	188.38
10317.000046198	893249	185.6247	0:03:05	3460.05	4974.9	3441.54	3446.27	0	1098.3	158.35
10317.000046216	740694	157.2492	0:02:37	3477.63	4996.72	3458.96	3463.69	0.01	888.18	185.24
10317.000046217	698186	150.6599	0:02:30	3453.43	4968.93	3416.77	3428.8	0	864.36	192.44
10317.000046219	71655	25.5612	0:00:25	3479.03	4992.79	3460.42	3465.5	18.22	13.96	196.5
10317.000046251	880232	185.0252	0:03:05	3452.17	4977.9	3433.61	3438.36	0.01	1077.06	158.36
10317.000046273	511322	109.2344	0:01:49	3448.27	4976.91	3411.52	3425.3	0	658.34	155.55
10317.000047428	587558	125.5157	0:02:05	3449.71	4968.9	3431.04	3435.78	0	697.3	139.05
10317.000047491	461244	101.8729	0:01:41	3460.47	4976.89	3423.76	3437.55	0	506.07	167.88
10317.000047586	99803	25.8173	0:00:25	3461.57	4972.79	3443.05	3447.78	0	21.25	181.33
10317.000047673	1144478	243.5861	0:04:03	3482.88	4988.91	3464.32	3469.05	0	1421.61	169.57
10317.000048392	1832097	372.3653	0:06:12	3465.69	4979.94	3446.86	3451.6	0	2284.75	224.13
10317.000048393	1803669	375.4241	0:06:15	3470.39	4976.91	3451.61	3456.46	0	2248.52	224.02
10317.000048394	18994	12.113	0:00:12	3454.77	4972.91	3436.14	3440.98	0	23.99	111.02
10317.000048402	2192660	454.6618	0:07:34	3471.24	4984.89	3452.56	3457.3	0.01	2795.37	270.12
10317.000048404	2318881	494.6978	0:08:14	3455.1	4979.89	3415.07	3430.15	2.21	2932.86	256.3
10317.000048408	2573788	553.6063	0:09:13	3483.69	4992.88	3464.89	3469.61	3207.04	3238.83	255.73
10317.000049025	557113	119.6699	0:01:59	3449.6	4976.7	3430.94	3435.68	0	679.21	144.77
10317.000050197	952493	193.4288	0:03:13	3454.94	4975.93	3436.28	3441.02	0	1125.67	151.89
10317.000050198	595479	126.4782	0:02:06	3450.05	4967.87	3431.57	3436.29	0	699.85	137.29
10317.000050260	901662	192.8177	0:03:12	3458.08	4988.84	3436.71	3441.56	0.01	1087.26	149.43
10317.000054044	1280410	257.9964	0:04:17	3450.42	4968.93	3431.79	3436.86	0	1931.68	156.08
10317.000054045	1473843	299.0848	0:04:59	3452.67	4979.92	3433.95	3438.69	0	1861.62	218.65
10317.000054049	1293438	271.0783	0:04:31	3478.89	4988.66	3460.25	3464.98	0	1626.2	196.57
10317.000054185	1105472	233.6942	0:03:53	3458.9	4980.89	3432.56	3437.4	0	1420.4	172.78
10317.000054187	486923	105.3172	0:01:45	3456	4980.75	3437.33	3442.07	0	454.14	165.04
10317.000054188	45432	14.3445	0:00:14	3436.34	4967.7	3399.5	3413.27	0	59.23	194.55
10317.000054189	733602	153.7659	0:02:33	3460.14	4984.81	3441.48	3446.22	0	895.09	190.47
10317.000054190	78438	21.1617	0:00:21	3433.76	4964.78	3415.1	3419.84	0	85.53	183.72
10317.000054191	1058890	219.1735	0:03:39	3452.27	4979.93	3412.54	3427.62	0	1284.73	184.59
10317.000054192	1529348	319.64	0:05:19	3453.93	4980.83	3435.24	3440.08	0	2300.23	187.97
10317.000054287	623427	132.8974	0:02:12	3457.55	4979.8	3438.9	3443.64	0	714.59	131.77
10317.000054288	7120	6.775	0:00:06	3455.53	4975.88	3437.02	3441.87	0	7.83	94.27
10317.000058478	1209	5.6113	0:00:05	3453.5	4972.76	3435.5	3440.33	0	0.13	61.9
10317.000058722	1160097	243.2536	0:04:03	3453.69	4976.84	3413.88	3428.94	0	1462.93	167.28
10317.000058737	1254630	259.3491	0:04:19	3461.98	4975.94	3443.16	3448.06	0	1757.8	196.13
10317.000058744	1245757	255.6746	0:04:15	3453.77	4969.8	3417.73	3431.12	0	1500.44	157.34
10317.000058746	1309668	273.2132	0:04:33	3449.35	4976.84	3412.48	3426.28	0	1645.19	175.21
10317.000058750	1606366	328.8674	0:05:28	3452.55	4968.88	3415.63	3429.43	0	2001.95	196.03
10317.000058751	1047522	222.1941	0:03:42	3456.71	4976.91	3416.99	3432.08	0	1268.14	179.73
10317.000058752	1339139	298.4141	0:04:58	3451.8	4969.9	3414.93	3428.88	0	1738.46	193.13
10317.000058757	1102725	228.1966	0:03:48	3451.39	4970.89	3432.86	3437.59	0	1306.17	180.96
10317.000058780	1141496	238.9422	0:03:58	3448.98	4973.83	3425.96	3430.81	0.01	1445.23	169.26
10317.000058798	957290	188.2921	0:03:08	3451.33	4968.93	3432.64	3437.75	0	1160.59	148.85
10317.000058808	1120051	241.0384	0:04:01	3471.78	4990.8	3434.93	3448.73	0	1412.64	168.37
10317.000058816	965344	201.3184	0:03:21	3449.14	4976.8	3430.51	3435.24	0	1250.22	145.85
10317.000059047	1139344	234.2	0:03:54	3448.32	4982.9	3429.83	3434.55	0	1469.88	176.72
10317.000059079	1557957	332.5202	0:05:32	3469.55	4983.9	3429.61	3444.71	0	1964.9	220.58
10317.000059930	1205511	244.6994	0:04:04	3454.86	4983.79	3436.23	3440.96	0	1479.29	169.13
10317.000059958	1229028	270.5169	0:04:30	3453.85	4980.95	3417.81	3431.37	0	1577.97	182.11
10317.000059968	1450941	300.3309	0:05:00	3458.91	4976.86	3440.11	3444.84	0	1845.96	217.28
10317.000059984	1008146	216.5124	0:03:36	3470.99	4980.7	3431.14	3446.22	0	1235.27	186.53
10317.000060001	1069438	222.0583	0:03:42	3449.87	4968.89	3410.03	3425.11	0	1289.56	180.66
10317.000060013	1304878	262.5767	0:04:22	3450.72	4974.89	3432.09	3436.82	0.01	1657.38	163.59
10317.000060051	1545243	312.5133	0:05:12	3451.83	4968.76	3433	3437.74	0	1898.42	195.87
10317.000060052	616937	132.9372	0:02:12	3483.63	5009.77	3446.83	3460.61	0	700.23	128.2
10317.000060053	1148956	245.2823	0:04:05	3466.93	4987.92	3442.56	3447.65	0	1456	162.41
10317.000062098	1482582	302.6202	0:05:02	3453.64	4976.83	3434.82	3439.55	0	1871.23	216.38
10317.000062099	807524	170.5071	0:02:50	3445.61	4980.8	3426.96	3431.81	0	1047.13	167.27
10317.000062116	845209	180.0424	0:03:00	3449.6	4982.79	3409.79	3424.85	0	1052.34	160.26
10317.000062117	934415	246.2016	0:04:06	3489.64	4995.9	3456.27	3464.96	0	1155.94	214.96
10317.000062125	993253	210.9654	0:03:30	3448.5	4972.93	3408.77	3423.84	0	1236.09	192.66
10317.000062130	853551	174.0321	0:02:54	3448.95	4979.79	3430.25	3435	0	1080.41	168.45
10317.000062136	1009348	213.1672	0:03:33	3451.89	4972.84	3412.07	3427.13	0	1239.59	190.72
10317.000062137	1057663	220.2526	0:03:40	3454.71	4979.8	3436.01	3440.86	0	1286.81	183.23
10317.000062144	493192	105.7874	0:01:45	3452.2	4976.78	3433.55	3438.29	0	457.85	163.99
10317.000062145	1395067	279.5115	0:04:39	3449.39	4972.89	3430.56	3435.3	0	1736.43	190.23
10317.000062154	817396	172.9412	0:02:52	3448.38	4968.83	3429.69	3434.43	0	1047.83	169.37
10317.000062155	893110	183.347	0:03:03	3456.68	4975.91	3438.07	3442.79	0	1109.9	159.28
10317.000065445	1280598	270.0875	0:04:30	3455.12	4976.89	3419.01	3432.4	0	1623.27	193.95
10317.000065525	843535	179.4234	0:02:59	3467.13	4995.7	3448.48	3453.21	0	1059.61	163.4
10317.000065541	962498	203.9754	0:03:23	3464.69	4984.72	3445.97	3450.88	0	1233.27	189.69
10317.000065542	679445	144.1076	0:02:24	3453.93	4979.76	3435.26	3439.99	0	866.25	120.19
10317.000065565	815846	171.2041	0:02:51	3449.27	4980.91	3430.76	3435.49	0	1055.71	170.85
10317.000065566	24417	40.6029	0:00:40	3480.89	4992.93	3441.17	3456.24	9.32	2.04	136.05
10317.000065576	1162190	242.5966	0:04:02	3450.6	4974.9	3430.31	3435.16	0	1452.18	166.26
10317.000065591	28412	10.3462	0:00:10	3420.91	4960.68	3384.86	3398.25	0	36.96	131.77
10317.000065592	1037069	222.9884	0:03:42	3451.33	4976.9	3414.49	3428.41	0	1243.37	171.82
10317.000066603	940232	188.6153	0:03:08	3450.55	4978.81	3431.92	3437.02	0	1136.25	145.7
10317.000066614	869273	181.8115	0:03:01	3446.68	4971.93	3406.83	3421.91	0	1075.66	158.35
10317.000066615	57926	17.4688	0:00:17	3454.78	4978.9	3436.16	3441	0	75.42	211.06
10317.000066617	25855	10.2067	0:00:10	3432.1	4968.89	3413.45	3418.18	0	31.89	122.83
10317.000066621	1070914	221.2939	0:03:41	3444.94	4971.83	3426.16	3431.05	0	1296.64	175.3
10317.000066622	1451587	302.4216	0:05:02	3455.99	4984.77	3415.97	3431.04	0	1825.2	212.03
10317.000066624	70501	19.4948	0:00:19	3430.61	4959.89	3412.09	3416.82	0	83.23	204.04
10317.000066626	659422	132.451	0:02:12	3444.01	4966.86	3425.42	3430.53	0	745.73	120.93
10317.000066629	894892	181.3795	0:03:01	3451.59	4968.78	3411.87	3426.87	0	1108.48	157.36
10317.000066637	1017388	213.2202	0:03:33	3456.6	4979.92	3437.95	3442.84	0	1264.99	182.78
10317.000066639	904322	259.646	0:04:19	3489.15	4994.8	3457.54	3464.42	0	1275.6	204.46
10317.000066642	913458	188.9453	0:03:08	3456.7	4972.89	3438.08	3442.81	0	1109.78	155.72
10317.000066665	1310396	269.9216	0:04:29	3459.9	4980.88	3441.18	3445.91	0	1664.16	196.84
10317.000066666	1017095	215.7945	0:03:35	3464.61	4981.91	3424.77	3439.85	0	1254.45	187.4
10317.000066756	901017	190.3013	0:03:10	3468.32	4980.82	3449.79	3454.51	0	1080.34	153.33
10317.000068473	64382	23.441	0:00:23	3465.71	4980.88	3425.85	3440.93	0	13.77	197.32
BLANK_16_12D	62	7.5613	0:00:07	119.95	1423.56	116.07	116.64	0	0.03	0
BLANK_16_7A	832	4.645	0:00:04	3413.62	4964.69	3395.55	3400.4	0	0.03	39.65
BLANK_16_7B	170	4.6533	0:00:04	114.18	1221.02	110.78	111.18	0	0.02	0
BLANK_16_7C	250	4.627	0:00:04	117.92	1221.89	114.54	114.94	0	0.33	0
BLANK_16_7D	148	6.3171	0:00:06	116.22	1222.39	112.23	112.82	0	0.07	7.72
BLANK_16_7E	5162	5.6691	0:00:05	3168.36	4648.34	3166.69	3171.53	0	2.3	29.7
BLANK_16_7F	232	5.0408	0:00:05	129.72	1234.41	126.03	126.5	0	0.02	7.66
BLANK_16_7G	125	5.031	0:00:05	129.17	1222.46	125.48	125.94	0	0.02	7.33
BLANK_16_7H	21	4.3577	0:00:04	118.18	1222.08	114.79	115.19	0	0.02	0
BLANK168_6A	1769	5.1519	0:00:05	2843.73	4648.36	2835.04	2839.88	0	2.05	22.18
BLANK168_6B	130	4.6536	0:00:04	114.16	1220.12	110.77	111.17	0	0.02	0
BLANK168_6C	112	5.012	0:00:05	3175.81	4648.36	3170.94	3175.77	0	0.03	34.08
BLANK168_6D	138	10.4577	0:00:10	116.1	1215.88	112.77	113.17	0	0.02	0
BLANK168_6E	139	4.6096	0:00:04	117.68	1221.85	114.28	114.68	0	0.07	0
BLANK168_6F	169	4.7217	0:00:04	114.17	1216.32	110.77	111.17	0	0.03	0
BLANK168_6G	163	4.847	0:00:04	121.14	1239.58	117.06	117.64	0	0.02	0
BLANK168_6H	221	12.311	0:00:12	117.62	1221.94	114.29	114.69	0	0.02	0
BLANK6_12E	209	4.5456	0:00:04	118.29	1222.05	114.88	115.28	0	0.02	0
BLANK6_12F	254	4.574	0:00:04	118.44	1222.12	115.2	115.6	0	0.46	0
BLANK6_12G	192	5.0445	0:00:05	3235.89	4630.89	3235.97	3240.74	0	0.03	41.37
BLANK6_12H	283	6.7978	0:00:06	120.61	1222.28	117.21	117.57	0	0.02	0
BLANK6_6E	257	4.6991	0:00:04	115.06	1221.46	111.06	111.65	0	0.1	0
BLANK6_6F	130	4.7222	0:00:04	113.93	1039.74	110.71	111.11	0	0.03	0
BLANK6_6G	112	5.6082	0:00:05	128.55	1222.17	124.84	125.31	11.67	0.19	6.26
BLANK6_6H	262	4.6222	0:00:04	114.8	1221.45	110.85	111.44	0	0.35	0
Not_a_sample	2045970	416.7737	0:06:56	3459.95	4983.8	3441.14	3445.98	3207.07	2458.19	245.84
